--회원
INSERT INTO MEMBER VALUES (MEMBER_ID.nextval, 'sin@naver.com', '1234', '신동오', '010-4232-6777', '남자', '88/12/04', '21/01/03', 'defaultProfile.png', 'defaultProfile.png', 0, '자바는 이식성과 호환성이 좋습니다.');
INSERT INTO MEMBER VALUES (MEMBER_ID.nextval, 'seong@naver.com', '1234', '성진희', '010-4563-6664', '여자', '96/03/11', '21/01/03', 'defaultProfile.png', 'defaultProfile.png', 0, '저급언어:기계어, 어셈블리어가 있고, 고급언어:C, JAVA가 있다.');
INSERT INTO MEMBER VALUES (MEMBER_ID.nextval, 'lim@naver.com', '1234', '임연지', '010-2234-5353', '여자', '97/04/07', '21/01/03','defaultProfile.png', 'defaultProfile.png', 0, '자바스크립트는 보안성과 성능이 떨어지지만 확장성이 좋다.');
INSERT INTO MEMBER VALUES (MEMBER_ID.nextval, 'cha@naver.com', '1234', '차지현', '010-6567-8976', '여자', '99/02/03', '21/02/03', 'defaultProfile.png', 'defaultProfile.png', 0, '파이썬은 이식성이 좋고 인터프리터 언어/객체지향 언어/스크립트 언어이다.');
INSERT INTO MEMBER VALUES (MEMBER_ID.nextval, 'yum@gmail.com', '1234',  '허유민', '010-5519-5448', '여자', '98/02/03', '21/02/03', 'defaultProfile.png', 'defaultProfile.png', 9, 'UI설계원칙은 직관성, 유효성, 학습성, 유연성이있다.');
INSERT INTO MEMBER VALUES (MEMBER_ID.nextval, 'lee@gmail.com', '1234', '이지훈', '010-7535-8543', '남자', '95/05/05', SYSDATE, 'defaultProfile.png', 'defaultProfile.png', 9, '데이터의 흐름모델은 단말, 처리, 자료의흐름, 자료저장소가있다.');
INSERT INTO MEMBER VALUES (MEMBER_ID.nextval, 'dragon@gmail.com', '1234', '이민용', '010-2344-4224', '남자', '90/05/05', SYSDATE, 'defaultProfile.png', 'defaultProfile.png', 9, '공통모듈명세기법은 정확성, 명확성, 완전성, 일관성, 추적성이있다.');
INSERT INTO MEMBER VALUES (MEMBER_ID.nextval, 'kwon@gmail.com', '1234', '권성환', '010-9942-1123', '남자', '90/01/24', SYSDATE,'defaultProfile.png', 'defaultProfile.png', 9, 'STUB 하향식, DRIVER 상향식 임시제공 모듈통합이다.');
INSERT INTO MEMBER VALUES (MEMBER_ID.nextval, 'park@gmail.com', '1234', '박종범', '010-6664-3453', '남자', '90/11/11', SYSDATE, 'defaultProfile.png', 'defaultProfile.png', 9, 'STAF는 분산환경, xUnit은 Java C++, FitNesse 웹기반, Ruby 인터프리터방식이다.');
select * from member;


--게시판
INSERT INTO BOARD VALUES (BOARD_ID.nextval, '지훈이', '우왕1', '안냐세여','insteadimg.png', SYSDATE, '가족여행',0, 2, 0);
INSERT INTO BOARD VALUES (BOARD_ID.nextval, '종범이', '우왕2', '안냐세여','insteadimg.png', SYSDATE, '커플여행',0, 3, 0);
INSERT INTO BOARD VALUES (BOARD_ID.nextval, '민용이', '우왕3', '안냐세여','insteadimg.png', SYSDATE, '혼자여행',0, 4, 0);
INSERT INTO BOARD VALUES (BOARD_ID.nextval, '성환이', '우왕4', '안냐세여','insteadimg.png', SYSDATE, '가족여행',0, 5, 0);
INSERT INTO BOARD VALUES (BOARD_ID.nextval, '유민이', '우왕5', '안냐세여','insteadimg.png', SYSDATE, '패키지여행',0, 5, 0);
select * from BOARD;

--플래너
INSERT INTO PLANNER VALUES (PLANNER_ID.nextval, sysdate, 2,'배고픈여행','1인','혼자여행');
INSERT INTO PLANNER VALUES (PLANNER_ID.nextval, sysdate, 3,'컾뽈여행','2인','커플여행');
INSERT INTO PLANNER VALUES (PLANNER_ID.nextval, sysdate, 4,'케이크먹자','5인이상','패키지여행');
select * from PLANNER;

--세부플래너
insert into s_planner values(S_PLANNER_ID.nextval,1,'21-02-22','21-02-23','2044565',2);
insert into s_planner values(S_PLANNER_ID.nextval,1,'21-02-22','21-02-22','2401954',3);
insert into s_planner values(S_PLANNER_ID.nextval,1,'21-02-22','21-02-23','2518765',4);
insert into s_planner values(S_PLANNER_ID.nextval,2,'21-02-22','21-02-23','2360786',4);
insert into s_planner values(S_PLANNER_ID.nextval,2,'21-02-22','21-02-23','2662318',4);
select * from s_planner;

--댓글
INSERT INTO reply VALUES (REPLY_ID.nextval, '유민이', '나는유민5', SYSDATE,2,'defaultProfile.png');
INSERT INTO reply VALUES (REPLY_ID.nextval, '지훈이', '나는지훈', SYSDATE,2,'defaultProfile.png');
INSERT INTO reply VALUES (REPLY_ID.nextval, '성환이', '나는성환', SYSDATE,3,'defaultProfile.png');
INSERT INTO reply VALUES (REPLY_ID.nextval, '민용이', '나는민용', SYSDATE,4,'defaultProfile.png');
INSERT INTO reply VALUES (REPLY_ID.nextval, '종범이', '나는종범', SYSDATE,5,'defaultProfile.png');
select * from reply;

--문의
INSERT INTO SUPPORT VALUES (SUPPORT_ID.nextval, '매번 좋은정보 얻고갑니다!', '오디가.com때문에 여행 갈 때 계획을 짤 수있어서 좋습니다!', SYSDATE, 2, SUPPORT_ORIGIN_NO.nextval, 0);
INSERT INTO SUPPORT VALUES (SUPPORT_ID.nextval, '제주 애월쪽 정보를 더알고싶어요!', '오디가.com때문에 여행 갈 때 계획을 짤 수있어서 좋습니다!', SYSDATE, 3, SUPPORT_ORIGIN_NO.nextval, 0);
INSERT INTO SUPPORT VALUES (SUPPORT_ID.nextval, '모바일과 연동되나요 ?!', '오디가.com때문에 여행 갈 때 계획을 짤 수있어서 좋습니다!', SYSDATE, 2, SUPPORT_ORIGIN_NO.nextval, 0);
INSERT INTO SUPPORT VALUES (SUPPORT_ID.nextval, '정말 사이트 예뻐요!', '오디가.com때문에 여행 갈 때 계획을 짤 수있어서 좋습니다!', SYSDATE, 4, SUPPORT_ORIGIN_NO.nextval, 0);
select * from support;

--지역코드
insert into AREA_T values('1', '서울', 37.56632099109217, 126.97794558984958);
insert into AREA_T values('2', '인천', 37.45590872680688, 126.70552692050053);
insert into AREA_T values('3', '대전', 36.35046856919224, 127.38482123708665);
insert into AREA_T values('4', '대구', 35.87140219365024, 128.60174803297681);
insert into AREA_T values('5', '광주', 37.42941190584035, 127.2551452976328);
insert into AREA_T values('6', '부산', 35.179775233195855, 129.0749925863485);
insert into AREA_T values('7', '울산', 35.53962603316087, 129.31151418501798);
insert into AREA_T values('8', '세종특별자치시', 36.480132736457776, 127.28875674178784);
insert into AREA_T values('31', '경기도', 37.27504774582099, 127.00944450410927);
insert into AREA_T values('32', '강원도', 37.88539639746763, 127.7297762607464);
insert into AREA_T values('33', '충청북도', 36.63567674729703, 127.49138343414079);
insert into AREA_T values('34', '충청남도', 36.658833942854216, 126.67284926797313);
insert into AREA_T values('35', '경상북도', 36.57601417809463, 128.50559446919635);
insert into AREA_T values('36', '경상남도', 35.23828668905039, 128.69239588910835);
insert into AREA_T values('37', '전라북도', 35.82036067006113, 127.10872713817363);
insert into AREA_T values('38', '전라남도', 34.81621546364296, 126.46291182755675);
insert into AREA_T values('39', '제주도', 33.4889273516415, 126.50042271000662);

--컨텐츠타입
insert into CONTENTTYPE values('12', '관광지');
insert into CONTENTTYPE values('14', '문화시설');
insert into CONTENTTYPE values('15', '축제공연행사');
insert into CONTENTTYPE values('25', '여행코스');
insert into CONTENTTYPE values('28', '레포츠');
insert into CONTENTTYPE values('32', '숙박');
insert into CONTENTTYPE values('38', '쇼핑');
insert into CONTENTTYPE values('39', '음식점');

--대분류
insert into CAT1_T values('A01', '자연');
insert into CAT1_T values('A02', '인문(문화/예술/역사)');
insert into CAT1_T values('A03', '레포츠');
insert into CAT1_T values('A04', '쇼핑');
insert into CAT1_T values('A05', '음식');
insert into CAT1_T values('B02', '숙박');
insert into CAT1_T values('B01', '교통');
insert into CAT1_T values('C01', '추천코스');

--중분류
insert into CAT2_T	values('A0101', '자연관광지', 'A01');
insert into CAT2_T	values('A0102', '관광자원', 'A01');
insert into CAT2_T	values('A0201', '역사관광지', 'A02');
insert into CAT2_T	values('A0202', '휴양관광지', 'A02');
insert into CAT2_T	values('A0203', '체험관광지', 'A02');
insert into CAT2_T	values('A0204', '산업관광지', 'A02');
insert into CAT2_T	values('A0205', '건축/조형물', 'A02');
insert into CAT2_T	values('A0206', '문화시설', 'A02');
insert into CAT2_T	values('A0207', '축제', 'A02');
insert into CAT2_T	values('A0208', '공연/행사', 'A02');
insert into CAT2_T	values('A0301', '레포츠소개', 'A03');
insert into CAT2_T	values('A0302', '육상 레포츠', 'A03');
insert into CAT2_T	values('A0303', '수상 레포츠', 'A03');
insert into CAT2_T	values('A0304', '항공 레포츠', 'A03');
insert into CAT2_T	values('A0305', '복합 레포츠', 'A03');
insert into CAT2_T	values('A0401', '쇼핑', 'A04');
insert into CAT2_T	values('A0502', '음식점', 'A05');
insert into CAT2_T	values('B0201', '숙박시설', 'B02');
insert into CAT2_T	values('B0102', '교통시설', 'B01');
insert into CAT2_T	values('C0112', '가족코스', 'C01');
insert into CAT2_T	values('C0113', '나홀로코스', 'C01');
insert into CAT2_T	values('C0114', '힐링코스', 'C01');
insert into CAT2_T	values('C0115', '도보코스', 'C01');
insert into CAT2_T	values('C0116', '캠핑코스', 'C01');
insert into CAT2_T	values('C0117', '맛코스', 'C01');

--시군구
--서울
insert into SIGUNGU_T values(SIGUNGU_ID.nextval,'강남구', '1', '1');
insert into SIGUNGU_T values(SIGUNGU_ID.nextval,'강동구', '2', '1');
insert into SIGUNGU_T values(SIGUNGU_ID.nextval,'강북구', '3', '1');
insert into SIGUNGU_T values(SIGUNGU_ID.nextval,'강서구', '4', '1');
insert into SIGUNGU_T values(SIGUNGU_ID.nextval,'관악구', '5', '1');
insert into SIGUNGU_T values(SIGUNGU_ID.nextval,'광진구', '6', '1');
insert into SIGUNGU_T values(SIGUNGU_ID.nextval,'구로구', '7', '1');
insert into SIGUNGU_T values(SIGUNGU_ID.nextval,'금천구', '8', '1');
insert into SIGUNGU_T values(SIGUNGU_ID.nextval,'노원구', '9', '1');
insert into SIGUNGU_T values(SIGUNGU_ID.nextval,'도봉구', '10', '1');
insert into SIGUNGU_T values(SIGUNGU_ID.nextval,'동대문구', '11', '1');
insert into SIGUNGU_T values(SIGUNGU_ID.nextval,'동작구', '12', '1');
insert into SIGUNGU_T values(SIGUNGU_ID.nextval,'마포구', '13', '1');
insert into SIGUNGU_T values(SIGUNGU_ID.nextval,'서대문구', '14', '1');
insert into SIGUNGU_T values(SIGUNGU_ID.nextval,'서초구', '15', '1');
insert into SIGUNGU_T values(SIGUNGU_ID.nextval,'성동구', '16', '1');
insert into SIGUNGU_T values(SIGUNGU_ID.nextval,'성북구', '17', '1');
insert into SIGUNGU_T values(SIGUNGU_ID.nextval,'송파구', '18', '1');
insert into SIGUNGU_T values(SIGUNGU_ID.nextval,'양천구', '19', '1');
insert into SIGUNGU_T values(SIGUNGU_ID.nextval,'영등포구', '20', '1');
insert into SIGUNGU_T values(SIGUNGU_ID.nextval,'용산구', '21', '1');
insert into SIGUNGU_T values(SIGUNGU_ID.nextval,'은평구', '22', '1');
insert into SIGUNGU_T values(SIGUNGU_ID.nextval,'종로구', '23', '1');
insert into SIGUNGU_T values(SIGUNGU_ID.nextval,'중구', '24', '1');
insert into SIGUNGU_T values(SIGUNGU_ID.nextval,'중랑구', '25', '1');
--인천
insert into SIGUNGU_T values(SIGUNGU_ID.nextval,'강화군', '1', '2');
insert into SIGUNGU_T values(SIGUNGU_ID.nextval,'계양구', '2', '2');
insert into SIGUNGU_T values(SIGUNGU_ID.nextval,'미추홀구', '3', '2');
insert into SIGUNGU_T values(SIGUNGU_ID.nextval,'남동구', '4', '2');
insert into SIGUNGU_T values(SIGUNGU_ID.nextval,'동구', '5', '2');
insert into SIGUNGU_T values(SIGUNGU_ID.nextval,'부평구', '6', '2');
insert into SIGUNGU_T values(SIGUNGU_ID.nextval,'서구', '7', '2');
insert into SIGUNGU_T values(SIGUNGU_ID.nextval,'연수구', '8', '2');
insert into SIGUNGU_T values(SIGUNGU_ID.nextval,'옹진구', '9', '2');
insert into SIGUNGU_T values(SIGUNGU_ID.nextval,'중구', '10', '2');
--대전
insert into SIGUNGU_T values(SIGUNGU_ID.nextval,'대덕구', '1', '3');
insert into SIGUNGU_T values(SIGUNGU_ID.nextval,'동구', '2', '3');
insert into SIGUNGU_T values(SIGUNGU_ID.nextval,'서구', '3', '3');
insert into SIGUNGU_T values(SIGUNGU_ID.nextval,'유성구', '4', '3');
insert into SIGUNGU_T values(SIGUNGU_ID.nextval,'중구', '5', '3');
--대구
insert into SIGUNGU_T values(SIGUNGU_ID.nextval,'남구', '1', '4');
insert into SIGUNGU_T values(SIGUNGU_ID.nextval,'달서구', '2', '4');
insert into SIGUNGU_T values(SIGUNGU_ID.nextval,'달성군', '3', '4');
insert into SIGUNGU_T values(SIGUNGU_ID.nextval,'동구', '4', '4');
insert into SIGUNGU_T values(SIGUNGU_ID.nextval,'북구', '5', '4');
insert into SIGUNGU_T values(SIGUNGU_ID.nextval,'서구', '6', '4');
insert into SIGUNGU_T values(SIGUNGU_ID.nextval,'수성구', '7', '4');
insert into SIGUNGU_T values(SIGUNGU_ID.nextval,'중구', '8', '4');
--광주
insert into SIGUNGU_T values(SIGUNGU_ID.nextval,'광산구', '1', '5');
insert into SIGUNGU_T values(SIGUNGU_ID.nextval,'남구', '2', '5');
insert into SIGUNGU_T values(SIGUNGU_ID.nextval,'동구', '3', '5');
insert into SIGUNGU_T values(SIGUNGU_ID.nextval,'북구', '4', '5');
insert into SIGUNGU_T values(SIGUNGU_ID.nextval,'서구', '5', '5');
--부산
insert into SIGUNGU_T values(SIGUNGU_ID.nextval,'강서구', '1', '6');
insert into SIGUNGU_T values(SIGUNGU_ID.nextval,'금정구', '2', '6');
insert into SIGUNGU_T values(SIGUNGU_ID.nextval,'기장군', '3', '6');
insert into SIGUNGU_T values(SIGUNGU_ID.nextval,'남구', '4', '6');
insert into SIGUNGU_T values(SIGUNGU_ID.nextval,'동구', '5', '6');
insert into SIGUNGU_T values(SIGUNGU_ID.nextval,'동래구', '6', '6');
insert into SIGUNGU_T values(SIGUNGU_ID.nextval,'부산진구', '7', '6');
insert into SIGUNGU_T values(SIGUNGU_ID.nextval,'북구', '8', '6');
insert into SIGUNGU_T values(SIGUNGU_ID.nextval,'사상구', '9', '6');
insert into SIGUNGU_T values(SIGUNGU_ID.nextval,'사하구', '10', '6');
insert into SIGUNGU_T values(SIGUNGU_ID.nextval,'서구', '11', '6');
insert into SIGUNGU_T values(SIGUNGU_ID.nextval,'수영구', '12', '6');
insert into SIGUNGU_T values(SIGUNGU_ID.nextval,'연제구', '13', '6');
insert into SIGUNGU_T values(SIGUNGU_ID.nextval,'영도구', '14', '6');
insert into SIGUNGU_T values(SIGUNGU_ID.nextval,'중구', '15', '6');
insert into SIGUNGU_T values(SIGUNGU_ID.nextval,'해운대구', '16', '6');
--울산
insert into SIGUNGU_T values(SIGUNGU_ID.nextval,'중군', '1', '7');
insert into SIGUNGU_T values(SIGUNGU_ID.nextval,'남군', '2', '7');
insert into SIGUNGU_T values(SIGUNGU_ID.nextval,'동군', '3', '7');
insert into SIGUNGU_T values(SIGUNGU_ID.nextval,'북군', '4', '7');
insert into SIGUNGU_T values(SIGUNGU_ID.nextval,'울주군', '5', '7');
--세종
insert into SIGUNGU_T values(SIGUNGU_ID.nextval,'세종특별자치시', '1', '8');
--경기도
insert into SIGUNGU_T values(SIGUNGU_ID.nextval,'가평군', '1', '31');
insert into SIGUNGU_T values(SIGUNGU_ID.nextval,'고양시', '2', '31');
insert into SIGUNGU_T values(SIGUNGU_ID.nextval,'과천시', '3', '31');
insert into SIGUNGU_T values(SIGUNGU_ID.nextval,'광명시', '4', '31');
insert into SIGUNGU_T values(SIGUNGU_ID.nextval,'광주시', '5', '31');
insert into SIGUNGU_T values(SIGUNGU_ID.nextval,'구리시', '6', '31');
insert into SIGUNGU_T values(SIGUNGU_ID.nextval,'군포시', '7', '31');
insert into SIGUNGU_T values(SIGUNGU_ID.nextval,'김포시', '8', '31');
insert into SIGUNGU_T values(SIGUNGU_ID.nextval,'남양주시', '9', '31');
insert into SIGUNGU_T values(SIGUNGU_ID.nextval,'동두천시', '10', '31');
insert into SIGUNGU_T values(SIGUNGU_ID.nextval,'부천시', '11', '31');
insert into SIGUNGU_T values(SIGUNGU_ID.nextval,'성남시', '12', '31');
insert into SIGUNGU_T values(SIGUNGU_ID.nextval,'수원시', '13', '31');
insert into SIGUNGU_T values(SIGUNGU_ID.nextval,'시흥시', '14', '31');
insert into SIGUNGU_T values(SIGUNGU_ID.nextval,'안산시', '15', '31');
insert into SIGUNGU_T values(SIGUNGU_ID.nextval,'안성시', '16', '31');
insert into SIGUNGU_T values(SIGUNGU_ID.nextval,'안양시', '17', '31');
insert into SIGUNGU_T values(SIGUNGU_ID.nextval,'양주시', '18', '31');
insert into SIGUNGU_T values(SIGUNGU_ID.nextval,'양평군', '19', '31');
insert into SIGUNGU_T values(SIGUNGU_ID.nextval,'여주시', '20', '31');
insert into SIGUNGU_T values(SIGUNGU_ID.nextval,'연천군', '21', '31');
insert into SIGUNGU_T values(SIGUNGU_ID.nextval,'오산시', '22', '31');
insert into SIGUNGU_T values(SIGUNGU_ID.nextval,'용인시', '23', '31');
insert into SIGUNGU_T values(SIGUNGU_ID.nextval,'의왕시', '24', '31');
insert into SIGUNGU_T values(SIGUNGU_ID.nextval,'의정부시', '25', '31');
insert into SIGUNGU_T values(SIGUNGU_ID.nextval,'이천시', '26', '31');
insert into SIGUNGU_T values(SIGUNGU_ID.nextval,'파주시', '27', '31');
insert into SIGUNGU_T values(SIGUNGU_ID.nextval,'평택시', '28', '31');
insert into SIGUNGU_T values(SIGUNGU_ID.nextval,'포천시', '29', '31');
insert into SIGUNGU_T values(SIGUNGU_ID.nextval,'하남시', '30', '31');
insert into SIGUNGU_T values(SIGUNGU_ID.nextval,'화성시', '31', '31');
--강원도
insert into SIGUNGU_T values(SIGUNGU_ID.nextval,'강릉시', '1', '32');
insert into SIGUNGU_T values(SIGUNGU_ID.nextval,'고성군', '2', '32');
insert into SIGUNGU_T values(SIGUNGU_ID.nextval,'동해시', '3', '32');
insert into SIGUNGU_T values(SIGUNGU_ID.nextval,'삼척시', '4', '32');
insert into SIGUNGU_T values(SIGUNGU_ID.nextval,'속초시', '5', '32');
insert into SIGUNGU_T values(SIGUNGU_ID.nextval,'양구군', '6', '32');
insert into SIGUNGU_T values(SIGUNGU_ID.nextval,'양양군', '7', '32');
insert into SIGUNGU_T values(SIGUNGU_ID.nextval,'영월군', '8', '32');
insert into SIGUNGU_T values(SIGUNGU_ID.nextval,'원주시', '9', '32');
insert into SIGUNGU_T values(SIGUNGU_ID.nextval,'인제군', '10', '32');
insert into SIGUNGU_T values(SIGUNGU_ID.nextval,'정선군', '11', '32');
insert into SIGUNGU_T values(SIGUNGU_ID.nextval,'철원군', '12', '32');
insert into SIGUNGU_T values(SIGUNGU_ID.nextval,'춘천시', '13', '32');
insert into SIGUNGU_T values(SIGUNGU_ID.nextval,'태백시', '14', '32');
insert into SIGUNGU_T values(SIGUNGU_ID.nextval,'평창군', '15', '32');
insert into SIGUNGU_T values(SIGUNGU_ID.nextval,'홍천군', '16', '32');
insert into SIGUNGU_T values(SIGUNGU_ID.nextval,'화천군', '17', '32');
insert into SIGUNGU_T values(SIGUNGU_ID.nextval,'횡성군', '18', '32');
--충청북도
insert into SIGUNGU_T values(SIGUNGU_ID.nextval,'괴산군', '1', '33');
insert into SIGUNGU_T values(SIGUNGU_ID.nextval,'단양군', '2', '33');
insert into SIGUNGU_T values(SIGUNGU_ID.nextval,'보은군', '3', '33');
insert into SIGUNGU_T values(SIGUNGU_ID.nextval,'영동군', '4', '33');
insert into SIGUNGU_T values(SIGUNGU_ID.nextval,'옥천군', '5', '33');
insert into SIGUNGU_T values(SIGUNGU_ID.nextval,'음성군', '6', '33');
insert into SIGUNGU_T values(SIGUNGU_ID.nextval,'제천시', '7', '33');
insert into SIGUNGU_T values(SIGUNGU_ID.nextval,'진천군', '8', '33');
insert into SIGUNGU_T values(SIGUNGU_ID.nextval,'청원군', '9', '33');
insert into SIGUNGU_T values(SIGUNGU_ID.nextval,'청주시', '10', '33');
insert into SIGUNGU_T values(SIGUNGU_ID.nextval,'충주시', '11', '33');
insert into SIGUNGU_T values(SIGUNGU_ID.nextval,'증평군', '12', '33');
--충청남도
insert into SIGUNGU_T values(SIGUNGU_ID.nextval,'공주시', '1', '34');
insert into SIGUNGU_T values(SIGUNGU_ID.nextval,'금산군', '2', '34');
insert into SIGUNGU_T values(SIGUNGU_ID.nextval,'논산시', '3', '34');
insert into SIGUNGU_T values(SIGUNGU_ID.nextval,'당진시', '4', '34');
insert into SIGUNGU_T values(SIGUNGU_ID.nextval,'보령시', '5', '34');
insert into SIGUNGU_T values(SIGUNGU_ID.nextval,'부여군', '6', '34');
insert into SIGUNGU_T values(SIGUNGU_ID.nextval,'서산시', '7', '34');
insert into SIGUNGU_T values(SIGUNGU_ID.nextval,'서천군', '8', '34');
insert into SIGUNGU_T values(SIGUNGU_ID.nextval,'아산시', '9', '34');
insert into SIGUNGU_T values(SIGUNGU_ID.nextval,'예산군', '11', '34');
insert into SIGUNGU_T values(SIGUNGU_ID.nextval,'천안시', '12', '34');
insert into SIGUNGU_T values(SIGUNGU_ID.nextval,'청양군', '13', '34');
insert into SIGUNGU_T values(SIGUNGU_ID.nextval,'태안군', '14', '34');
insert into SIGUNGU_T values(SIGUNGU_ID.nextval,'홍성군', '15', '34');
insert into SIGUNGU_T values(SIGUNGU_ID.nextval,'계룡시', '16', '34');
--경상북도
insert into SIGUNGU_T values(SIGUNGU_ID.nextval,'경산시', '1', '35');
insert into SIGUNGU_T values(SIGUNGU_ID.nextval,'경주시', '2', '35');
insert into SIGUNGU_T values(SIGUNGU_ID.nextval,'고령군', '3', '35');
insert into SIGUNGU_T values(SIGUNGU_ID.nextval,'구미시', '4', '35');
insert into SIGUNGU_T values(SIGUNGU_ID.nextval,'군위군', '5', '35');
insert into SIGUNGU_T values(SIGUNGU_ID.nextval,'김천시', '6', '35');
insert into SIGUNGU_T values(SIGUNGU_ID.nextval,'문경시', '7', '35');
insert into SIGUNGU_T values(SIGUNGU_ID.nextval,'봉화군', '8', '35');
insert into SIGUNGU_T values(SIGUNGU_ID.nextval,'상주시', '9', '35');
insert into SIGUNGU_T values(SIGUNGU_ID.nextval,'성주군', '10', '35');
insert into SIGUNGU_T values(SIGUNGU_ID.nextval,'안동시', '11', '35');
insert into SIGUNGU_T values(SIGUNGU_ID.nextval,'영덕군', '12', '35');
insert into SIGUNGU_T values(SIGUNGU_ID.nextval,'영양군', '13', '35');
insert into SIGUNGU_T values(SIGUNGU_ID.nextval,'영주시', '14', '35');
insert into SIGUNGU_T values(SIGUNGU_ID.nextval,'영천시', '15', '35');
insert into SIGUNGU_T values(SIGUNGU_ID.nextval,'예천군', '16', '35');
insert into SIGUNGU_T values(SIGUNGU_ID.nextval,'울릉군', '17', '35');
insert into SIGUNGU_T values(SIGUNGU_ID.nextval,'울진군', '18', '35');
insert into SIGUNGU_T values(SIGUNGU_ID.nextval,'의성군', '19', '35');
insert into SIGUNGU_T values(SIGUNGU_ID.nextval,'청도군', '20', '35');
insert into SIGUNGU_T values(SIGUNGU_ID.nextval,'청송군', '21', '35');
insert into SIGUNGU_T values(SIGUNGU_ID.nextval,'칠곡군', '22', '35');
insert into SIGUNGU_T values(SIGUNGU_ID.nextval,'포항시', '23', '35');

--시군구 (제주도부터) si_name / sigungucode / areacode
insert into SIGUNGU_T values(SIGUNGU_ID.nextval,'거제시', '1', '36');
insert into SIGUNGU_T values(SIGUNGU_ID.nextval,'거창군', '2', '36');
insert into SIGUNGU_T values(SIGUNGU_ID.nextval,'고성군', '3', '36');
insert into SIGUNGU_T values(SIGUNGU_ID.nextval,'김해시', '4', '36');
insert into SIGUNGU_T values(SIGUNGU_ID.nextval,'남해군', '5', '36');
insert into SIGUNGU_T values(SIGUNGU_ID.nextval,'마산시', '6', '36');
insert into SIGUNGU_T values(SIGUNGU_ID.nextval,'밀양시', '7', '36');
insert into SIGUNGU_T values(SIGUNGU_ID.nextval,'사천시', '8', '36');
insert into SIGUNGU_T values(SIGUNGU_ID.nextval,'산청군', '9', '36');
insert into SIGUNGU_T values(SIGUNGU_ID.nextval,'양산시', '10', '36');
insert into SIGUNGU_T values(SIGUNGU_ID.nextval,'의령군', '12', '36');
insert into SIGUNGU_T values(SIGUNGU_ID.nextval,'진주시', '13', '36');
insert into SIGUNGU_T values(SIGUNGU_ID.nextval,'진해시', '14', '36');
insert into SIGUNGU_T values(SIGUNGU_ID.nextval,'창녕군', '15', '36');
insert into SIGUNGU_T values(SIGUNGU_ID.nextval,'창원시', '16', '36');
insert into SIGUNGU_T values(SIGUNGU_ID.nextval,'통영시', '17', '36');
insert into SIGUNGU_T values(SIGUNGU_ID.nextval,'하동군', '18', '36');
insert into SIGUNGU_T values(SIGUNGU_ID.nextval,'함안군', '19', '36');
insert into SIGUNGU_T values(SIGUNGU_ID.nextval,'함양군', '20', '36');
insert into SIGUNGU_T values(SIGUNGU_ID.nextval,'합천군', '21', '36');

insert into SIGUNGU_T values(SIGUNGU_ID.nextval,'고창군', '1', '37');
insert into SIGUNGU_T values(SIGUNGU_ID.nextval,'군산시', '2', '37');
insert into SIGUNGU_T values(SIGUNGU_ID.nextval,'김제시', '3', '37');
insert into SIGUNGU_T values(SIGUNGU_ID.nextval,'남원시', '4', '37');
insert into SIGUNGU_T values(SIGUNGU_ID.nextval,'무주군', '5', '37');
insert into SIGUNGU_T values(SIGUNGU_ID.nextval,'부안군', '6', '37');
insert into SIGUNGU_T values(SIGUNGU_ID.nextval,'순창군', '7', '37');
insert into SIGUNGU_T values(SIGUNGU_ID.nextval,'완주군', '8', '37');
insert into SIGUNGU_T values(SIGUNGU_ID.nextval,'익산시', '9', '37');
insert into SIGUNGU_T values(SIGUNGU_ID.nextval,'임실군', '10', '37');
insert into SIGUNGU_T values(SIGUNGU_ID.nextval,'장수군', '11', '37');
insert into SIGUNGU_T values(SIGUNGU_ID.nextval,'전주시', '12', '37');
insert into SIGUNGU_T values(SIGUNGU_ID.nextval,'정읍시', '13', '37');
insert into SIGUNGU_T values(SIGUNGU_ID.nextval,'진안군', '14', '37');

insert into SIGUNGU_T values(SIGUNGU_ID.nextval,'강진군', '1', '38');
insert into SIGUNGU_T values(SIGUNGU_ID.nextval,'고흥군', '2', '38');
insert into SIGUNGU_T values(SIGUNGU_ID.nextval,'곡성군', '3', '38');
insert into SIGUNGU_T values(SIGUNGU_ID.nextval,'광양시', '4', '38');
insert into SIGUNGU_T values(SIGUNGU_ID.nextval,'구례군', '5', '38');
insert into SIGUNGU_T values(SIGUNGU_ID.nextval,'나주시', '6', '38');
insert into SIGUNGU_T values(SIGUNGU_ID.nextval,'담양군', '7', '38');
insert into SIGUNGU_T values(SIGUNGU_ID.nextval,'목포시', '8', '38');
insert into SIGUNGU_T values(SIGUNGU_ID.nextval,'무안군', '9', '38');
insert into SIGUNGU_T values(SIGUNGU_ID.nextval,'보성군', '10', '38');
insert into SIGUNGU_T values(SIGUNGU_ID.nextval,'순천시', '11', '38');
insert into SIGUNGU_T values(SIGUNGU_ID.nextval,'신안군', '12', '38');
insert into SIGUNGU_T values(SIGUNGU_ID.nextval,'여수시', '13', '38');
insert into SIGUNGU_T values(SIGUNGU_ID.nextval,'영광군', '16', '38');
insert into SIGUNGU_T values(SIGUNGU_ID.nextval,'영암군', '17', '38');
insert into SIGUNGU_T values(SIGUNGU_ID.nextval,'완도군', '18', '38');
insert into SIGUNGU_T values(SIGUNGU_ID.nextval,'장성군', '19', '38');
insert into SIGUNGU_T values(SIGUNGU_ID.nextval,'장흥군', '20', '38');
insert into SIGUNGU_T values(SIGUNGU_ID.nextval,'진도군', '21', '38');
insert into SIGUNGU_T values(SIGUNGU_ID.nextval,'함평군', '22', '38');
insert into SIGUNGU_T values(SIGUNGU_ID.nextval,'해남군', '23', '38');
insert into SIGUNGU_T values(SIGUNGU_ID.nextval,'화순군', '24', '38');

insert into SIGUNGU_T values(SIGUNGU_ID.nextval,'남제주군', '1', '39');
insert into SIGUNGU_T values(SIGUNGU_ID.nextval,'북제주군', '2', '39');
insert into SIGUNGU_T values(SIGUNGU_ID.nextval,'서귀포시', '3', '39');
insert into SIGUNGU_T values(SIGUNGU_ID.nextval,'제주시', '4', '39');


--소분류
insert into CAT3_T values('A01010100', '국립공원', 'A0101');
insert into CAT3_T values('A01010200', '도립공원', 'A0101');
insert into CAT3_T values('A01010300', '군립공원', 'A0101');
insert into CAT3_T values('A01010400', '산', 'A0101');
insert into CAT3_T values('A01010500', '자연생태관광지', 'A0101');
insert into CAT3_T values('A01010600', '자연휴양림', 'A0101');
insert into CAT3_T values('A01010700', '수목원', 'A0101');
insert into CAT3_T values('A01010800', '폭포', 'A0101');
insert into CAT3_T values('A01010900', '계곡', 'A0101');
insert into CAT3_T values('A01011000', '약수터', 'A0101');
insert into CAT3_T values('A01011100', '해안절경', 'A0101');
insert into CAT3_T values('A01011200', '해수욕장', 'A0101');
insert into CAT3_T values('A01011300', '섬', 'A0101');
insert into CAT3_T values('A01011400', '항구/포구', 'A0101');
insert into CAT3_T values('A01011500', '어촌', 'A0101');
insert into CAT3_T values('A01011600', '등대', 'A0101');
insert into CAT3_T values('A01011700', '호수', 'A0101');
insert into CAT3_T values('A01011800', '강', 'A0101');
insert into CAT3_T values('A01011900', '동굴', 'A0101');
insert into CAT3_T values('A01020100', '희귀동.식물', 'A0102');
insert into CAT3_T values('A01020200', '기암괴석', 'A0102');

insert into CAT3_T values('A02010100', '고궁', 'A0201');
insert into CAT3_T values('A02010200', '성', 'A0201');
insert into CAT3_T values('A02010300', '문', 'A0201');
insert into CAT3_T values('A02010400', '고택', 'A0201');
insert into CAT3_T values('A02010500', '생가', 'A0201');
insert into CAT3_T values('A02010600', '민속마을', 'A0201');
insert into CAT3_T values('A02010700', '유적지/사적지', 'A0201');
insert into CAT3_T values('A02010800', '사찰', 'A0201');
insert into CAT3_T values('A02010900', '종교성지', 'A0201');
insert into CAT3_T values('A02011000', '안보관광', 'A0201');
insert into CAT3_T values('A02020100', '유원지', 'A0202');
insert into CAT3_T values('A02020200', '관광단지', 'A0202');
insert into CAT3_T values('A02020300', '온천/욕장/스파', 'A0202');
insert into CAT3_T values('A02020400', '이색찜질방', 'A0202');
insert into CAT3_T values('A02020500', '헬스투어', 'A0202');
insert into CAT3_T values('A02020600', '테마공원', 'A0202');
insert into CAT3_T values('A02020700', '공원', 'A0202');
insert into CAT3_T values('A02020800', '유람선/잠수함관광', 'A0202');
insert into CAT3_T values('A02030100', '농.산.어촌 체험', 'A0203');
insert into CAT3_T values('A02030200', '전통체험', 'A0203');
insert into CAT3_T values('A02030300', '산사체험', 'A0203');
insert into CAT3_T values('A02030400', '이색체험', 'A0203');
insert into CAT3_T values('A02030500', '관광농원', 'A0203');
insert into CAT3_T values('A02030600', '이색거리', 'A0203');
insert into CAT3_T values('A02040100', '제철소', 'A0204');
insert into CAT3_T values('A02040200', '조선소', 'A0204');
insert into CAT3_T values('A02040300', '공단', 'A0204');
insert into CAT3_T values('A02040400', '발전소', 'A0204');
insert into CAT3_T values('A02040500', '광산', 'A0204');
insert into CAT3_T values('A02040600', '식음료', 'A0204');
insert into CAT3_T values('A02040700', '화학/금속', 'A0204');
insert into CAT3_T values('A02040800', '기타', 'A0204');
insert into CAT3_T values('A02040900', '전자/반도체', 'A0204');
insert into CAT3_T values('A02041000', '자동차', 'A0204');
insert into CAT3_T values('A02050100', '다리/대교', 'A0205');
insert into CAT3_T values('A02050200', '기념탑/기념비/전망대', 'A0205');
insert into CAT3_T values('A02050300', '분수', 'A0205');
insert into CAT3_T values('A02050400', '동상', 'A0205');
insert into CAT3_T values('A02050500', '터널', 'A0205');
insert into CAT3_T values('A02050600', '유명건물', 'A0205');
insert into CAT3_T values('A02060100', '박물관', 'A0206');
insert into CAT3_T values('A02060200', '기념관', 'A0206');
insert into CAT3_T values('A02060300', '전시관', 'A0206');
insert into CAT3_T values('A02060400', '컨벤션센터', 'A0206');
insert into CAT3_T values('A02060500', '미술관/화랑', 'A0206');
insert into CAT3_T values('A02060600', '공연장', 'A0206');
insert into CAT3_T values('A02060700', '문화원', 'A0206');
insert into CAT3_T values('A02060800', '외국문화원', 'A0206');
insert into CAT3_T values('A02060900', '도서관', 'A0206');
insert into CAT3_T values('A02061000', '대형서점', 'A0206');
insert into CAT3_T values('A02061100', '문화전수시설', 'A0206');
insert into CAT3_T values('A02061200', '영화관', 'A0206');
insert into CAT3_T values('A02061300', '어학당', 'A0206');
insert into CAT3_T values('A02061400', '학교', 'A0206');
insert into CAT3_T values('A02070100', '문화관광축제', 'A0207');
insert into CAT3_T values('A02070200', '일반축제', 'A0207');
insert into CAT3_T values('A02080100', '전통공연', 'A0208');
insert into CAT3_T values('A02080200', '연극', 'A0208');
insert into CAT3_T values('A02080300', '뮤지컬', 'A0208');
insert into CAT3_T values('A02080400', '오페라', 'A0208');
insert into CAT3_T values('A02080500', '전시회', 'A0208');
insert into CAT3_T values('A02080600', '박람회', 'A0208');
insert into CAT3_T values('A02080700', '컨벤션', 'A0208');
insert into CAT3_T values('A02080800', '무용', 'A0208');
insert into CAT3_T values('A02080900', '클래식음악회', 'A0208');
insert into CAT3_T values('A02081000', '대중콘서트', 'A0208');
insert into CAT3_T values('A02081100', '영화', 'A0208');
insert into CAT3_T values('A02081200', '스포츠경기', 'A0208');
insert into CAT3_T values('A02081300', '기타행사', 'A0208');

insert into CAT3_T values('A03010100', '육상레포츠', 'A0301');
insert into CAT3_T values('A03010200', '수상레포츠', 'A0301');
insert into CAT3_T values('A03010300', '항공레포츠', 'A0301');
insert into CAT3_T values('A03020100', '스포츠센터', 'A0302');
insert into CAT3_T values('A03020200', '수련시설', 'A0302');
insert into CAT3_T values('A03020300', '경기장', 'A0302');
insert into CAT3_T values('A03020400', '인라인(실내 인라인 포함)', 'A0302');
insert into CAT3_T values('A03020500', '자전거하이킹', 'A0302');
insert into CAT3_T values('A03020600', '카트', 'A0302');
insert into CAT3_T values('A03020700', '골프', 'A0302');
insert into CAT3_T values('A03020800', '경마', 'A0302');
insert into CAT3_T values('A03020900', '경륜', 'A0302');
insert into CAT3_T values('A03021000', '카지노', 'A0302');
insert into CAT3_T values('A03021100', '승마', 'A0302');
insert into CAT3_T values('A03021200', '승마', 'A0302');
insert into CAT3_T values('A03021300', '스케이트', 'A0302');
insert into CAT3_T values('A03021400', '썰매장', 'A0302');
insert into CAT3_T values('A03021500', '수렵장', 'A0302');
insert into CAT3_T values('A03021600', '사격장', 'A0302');
insert into CAT3_T values('A03021700', '야영장,오토캠핑장', 'A0302');
insert into CAT3_T values('A03021800', '암벽등반', 'A0302');
insert into CAT3_T values('A03021900', '빙벽등반', 'A0302');
insert into CAT3_T values('A03022000', '서바이벌게임', 'A0302');
insert into CAT3_T values('A03022100', 'ATV', 'A0302');
insert into CAT3_T values('A03022200', 'MTB', 'A0302');
insert into CAT3_T values('A03022300', '오프로드', 'A0302');
insert into CAT3_T values('A03022400', '번지점프', 'A0302');
insert into CAT3_T values('A03022500', '자동차경주', 'A0302');
insert into CAT3_T values('A03022600', '스키(보드) 렌탈샵', 'A0302');
insert into CAT3_T values('A03022700', '트래킹', 'A0302');
insert into CAT3_T values('A03030100', '윈드서핑/제트스키', 'A0303');
insert into CAT3_T values('A03030200', '카약/카누', 'A0303');
insert into CAT3_T values('A03030300', '요트', 'A0303');
insert into CAT3_T values('A03030400', '스노쿨링/스킨스쿠버다이빙', 'A0303');
insert into CAT3_T values('A03030500', '민물낚시', 'A0303');
insert into CAT3_T values('A03030600', '바다낚시', 'A0303');
insert into CAT3_T values('A03030700', '수영', 'A0303');
insert into CAT3_T values('A03030800', '래프팅', 'A0303');
insert into CAT3_T values('A03040100', '스카이다이빙', 'A0304');
insert into CAT3_T values('A03040200', '초경량비행', 'A0304');
insert into CAT3_T values('A03040300', '헹글라이딩/패러글라이딩', 'A0304');
insert into CAT3_T values('A03040400', '열기구', 'A0304');
insert into CAT3_T values('A03050100', '복합 레포츠', 'A0305');

insert into CAT3_T values('A04010100', '5일장', 'A0401');
insert into CAT3_T values('A04010200', '상설시장', 'A0401');
insert into CAT3_T values('A04010300', '백화점', 'A0401');
insert into CAT3_T values('A04010400', '면세점', 'A0401');
insert into CAT3_T values('A04010500', '할인매장', 'A0401');
insert into CAT3_T values('A04010600', '전문상가', 'A0401');
insert into CAT3_T values('A04010700', '공예,공방', 'A0401');
insert into CAT3_T values('A04010800', '관광기념품점', 'A0401');
insert into CAT3_T values('A04010900', '특산물판매점', 'A0401');

insert into CAT3_T values('A05020100', '한식', 'A0502');
insert into CAT3_T values('A05020200', '서양식', 'A0502');
insert into CAT3_T values('A05020300', '일식', 'A0502');
insert into CAT3_T values('A05020400', '중식', 'A0502');
insert into CAT3_T values('A05020500', '아시아식', 'A0502');
insert into CAT3_T values('A05020600', '패밀리레스토랑', 'A0502');
insert into CAT3_T values('A05020700', '이색음식점', 'A0502');
insert into CAT3_T values('A05020800', '채식전문점', 'A0502');
insert into CAT3_T values('A05020900', '바/까페', 'A0502');
insert into CAT3_T values('A05021000', '클럽', 'A0502');
insert into CAT3_T values('B01020200', '교통', 'B0102');
insert into CAT3_T values('B02010100', '관광호텔', 'B0201');
insert into CAT3_T values('B02010200', '수상관광호텔', 'B0201');
insert into CAT3_T values('B02010300', '전통호텔', 'B0201');
insert into CAT3_T values('B02010400', '가족호텔', 'B0201');
insert into CAT3_T values('B02010500', '콘도미니엄', 'B0201');
insert into CAT3_T values('B02010600', '유스호스텔', 'B0201');
insert into CAT3_T values('B02010700', '펜션', 'B0201');
insert into CAT3_T values('B02010800', '여관', 'B0201');
insert into CAT3_T values('B02010900', '모텔', 'B0201');
insert into CAT3_T values('B02011000', '민박', 'B0201');
insert into CAT3_T values('B02011100', '게스트하우스', 'B0201');
insert into CAT3_T values('B02011200', '홈스테이', 'B0201');
insert into CAT3_T values('B02011300', '서비스드레지던스', 'B0201');
insert into CAT3_T values('B02011400', '의료관광호텔', 'B0201');
insert into CAT3_T values('B02011500', '소형호텔', 'B0201');
insert into CAT3_T values('B02011600', '한옥스테이', 'B0201');
insert into CAT3_T values('C01120001', '가족코스', 'C0112');
insert into CAT3_T values('C01130001', '나홀로코스', 'C0113');
insert into CAT3_T values('C01140001', '힐링코스', 'C0114');
insert into CAT3_T values('C01150001', '도보코스', 'C0115');
insert into CAT3_T values('C01160001', '캠핑코스', 'C0116');
insert into CAT3_T values('C01170001', '맛코스', 'C0117');

